id,val
0,class_10
1,class_10
2,class_10
3,class_10
4,class_10
5,class_10
6,class_10
7,class_10
8,class_10
9,class_10
10,class_10
11,class_10
12,class_10
13,class_10
14,class_10
15,class_10
16,class_10
17,class_10
18,class_10
19,class_10
20,class_1
21,class_1
22,class_1
23,class_1
24,class_1
25,class_1
26,class_1
27,class_1
28,class_10
29,class_10
30,class_10
31,class_10
32,class_10
33,class_10
34,class_10
35,class_10
36,class_10
37,class_10
38,class_10
39,class_10
40,class_10
41,class_10
42,class_10
43,class_10
44,class_10
45,class_10
46,class_10
47,class_10
48,class_10
49,class_10
50,class_10
51,class_10
52,class_10
53,class_10
54,class_10
55,class_10
56,class_10
57,class_10
58,class_10
59,class_10
60,class_10
61,class_10
62,class_10
63,class_10
64,class_10
65,class_10
66,class_10
67,class_10
68,class_10
69,class_10
70,class_10
71,class_10
72,class_10
73,class_10
74,class_10
75,class_10
76,class_10
77,class_10
78,class_1
79,class_1
80,class_1
81,class_1
82,class_1
83,class_1
84,class_1
85,class_1
86,class_1
87,class_10
88,class_10
89,class_10
90,class_10
91,class_10
92,class_10
93,class_10
94,class_2
95,class_2
96,class_2
97,class_2
98,class_2
99,class_2
100,class_2
101,class_3
102,class_3
103,class_3
104,class_3
105,class_3
106,class_3
107,class_3
108,class_3
109,class_10
110,class_10
111,class_4
112,class_4
113,class_4
114,class_4
115,class_4
116,class_4
117,class_4
118,class_5
119,class_5
120,class_5
121,class_5
122,class_5
123,class_6
124,class_6
125,class_6
126,class_6
127,class_6
128,class_6
129,class_6
130,class_6
131,class_9
132,class_9
133,class_9
134,class_9
135,class_9
136,class_9
137,class_8
138,class_8
139,class_8
140,class_8
141,class_8
142,class_8
143,class_7
144,class_7
145,class_7
146,class_7
147,class_7
148,class_7
149,class_7
150,class_10
151,class_0
152,class_0
153,class_0
154,class_0
155,class_0
156,class_0
157,class_8
158,class_8
159,class_8
160,class_8
161,class_8
162,class_8
163,class_9
164,class_9
165,class_9
166,class_9
167,class_9
168,class_6
169,class_6
170,class_6
171,class_6
172,class_6
173,class_6
174,class_6
175,class_10
176,class_5
177,class_5
178,class_5
179,class_5
180,class_5
181,class_10
182,class_10
183,class_10
184,class_2
185,class_2
186,class_2
187,class_2
188,class_2
189,class_2
190,class_2
191,class_3
192,class_3
193,class_3
194,class_3
195,class_3
196,class_3
197,class_6
198,class_6
199,class_6
200,class_6
201,class_6
202,class_6
203,class_6
204,class_9
205,class_9
206,class_9
207,class_9
208,class_9
209,class_10
210,class_0
211,class_0
212,class_0
213,class_0
214,class_0
215,class_0
216,class_8
217,class_8
218,class_8
219,class_8
220,class_5
221,class_5
222,class_5
223,class_5
224,class_5
225,class_2
226,class_2
227,class_2
228,class_2
229,class_2
230,class_2
231,class_1
232,class_1
233,class_1
234,class_1
235,class_1
236,class_1
237,class_10
238,class_10
239,class_10
240,class_4
241,class_4
242,class_4
243,class_4
244,class_4
245,class_4
246,class_7
247,class_7
248,class_7
249,class_7
250,class_7
251,class_7
252,class_7
253,class_10
254,class_0
255,class_0
256,class_0
257,class_0
258,class_0
259,class_0
260,class_9
261,class_9
262,class_9
263,class_9
264,class_9
265,class_9
266,class_9
267,class_10
268,class_10
269,class_10
270,class_6
271,class_6
272,class_6
273,class_6
274,class_6
275,class_6
276,class_3
277,class_3
278,class_3
279,class_3
280,class_3
281,class_3
282,class_2
283,class_2
284,class_2
285,class_2
286,class_2
287,class_5
288,class_5
289,class_5
290,class_5
291,class_5
292,class_5
293,class_5
294,class_10
295,class_8
296,class_8
297,class_8
298,class_8
299,class_8
300,class_8
301,class_8
302,class_8
303,class_0
304,class_0
305,class_0
306,class_0
307,class_0
308,class_0
309,class_0
310,class_10
311,class_10
312,class_10
313,class_10
314,class_10
315,class_7
316,class_7
317,class_7
318,class_7
319,class_7
320,class_7
321,class_4
322,class_4
323,class_4
324,class_4
325,class_4
326,class_4
327,class_4
328,class_4
329,class_4
330,class_4
331,class_4
332,class_4
333,class_1
334,class_1
335,class_1
336,class_1
337,class_1
338,class_1
339,class_10
340,class_2
341,class_2
342,class_2
343,class_2
344,class_2
345,class_2
346,class_2
347,class_3
348,class_3
349,class_3
350,class_3
351,class_3
352,class_6
353,class_6
354,class_6
355,class_6
356,class_6
357,class_6
358,class_9
359,class_9
360,class_9
361,class_9
362,class_9
363,class_9
364,class_9
365,class_9
366,class_9
367,class_9
368,class_9
369,class_0
370,class_0
371,class_0
372,class_0
373,class_0
374,class_0
375,class_8
376,class_8
377,class_8
378,class_8
379,class_5
380,class_5
381,class_5
382,class_5
383,class_5
384,class_5
385,class_2
386,class_2
387,class_2
388,class_2
389,class_2
390,class_2
391,class_3
392,class_3
393,class_3
394,class_3
395,class_3
396,class_6
397,class_6
398,class_6
399,class_6
400,class_6
401,class_6
402,class_9
403,class_9
404,class_9
405,class_9
406,class_9
407,class_0
408,class_0
409,class_0
410,class_0
411,class_0
412,class_0
413,class_8
414,class_8
415,class_8
416,class_8
417,class_8
418,class_7
419,class_7
420,class_7
421,class_7
422,class_7
423,class_4
424,class_4
425,class_4
426,class_4
427,class_4
428,class_4
429,class_5
430,class_5
431,class_5
432,class_5
433,class_2
434,class_2
435,class_2
436,class_2
437,class_2
438,class_2
439,class_1
440,class_1
441,class_1
442,class_1
443,class_1
444,class_1
445,class_4
446,class_4
447,class_4
448,class_4
449,class_4
450,class_7
451,class_7
452,class_7
453,class_7
454,class_7
455,class_7
456,class_10
457,class_0
458,class_0
459,class_0
460,class_0
461,class_0
462,class_0
463,class_0
464,class_0
465,class_0
466,class_0
467,class_0
468,class_0
469,class_8
470,class_8
471,class_8
472,class_8
473,class_5
474,class_5
475,class_5
476,class_5
477,class_5
478,class_5
479,class_2
480,class_2
481,class_2
482,class_2
483,class_2
484,class_2
485,class_3
486,class_3
487,class_3
488,class_3
489,class_3
490,class_6
491,class_6
492,class_6
493,class_6
494,class_6
495,class_9
496,class_9
497,class_9
498,class_9
499,class_9
500,class_9
501,class_9
502,class_10
503,class_0
504,class_0
505,class_0
506,class_0
507,class_0
508,class_0
509,class_10
510,class_8
511,class_8
512,class_8
513,class_8
514,class_8
515,class_5
516,class_5
517,class_5
518,class_5
519,class_5
520,class_5
521,class_5
522,class_5
523,class_5
524,class_5
525,class_2
526,class_2
527,class_2
528,class_2
529,class_2
530,class_2
531,class_3
532,class_3
533,class_3
534,class_3
535,class_3
536,class_6
537,class_6
538,class_6
539,class_6
540,class_6
541,class_6
542,class_9
543,class_9
544,class_9
545,class_9
546,class_9
547,class_0
548,class_0
549,class_0
550,class_0
551,class_0
552,class_0
553,class_8
554,class_8
555,class_8
556,class_8
557,class_7
558,class_7
559,class_7
560,class_7
561,class_7
562,class_7
563,class_7
564,class_4
565,class_4
566,class_4
567,class_4
568,class_4
569,class_10
570,class_5
571,class_5
572,class_5
573,class_5
574,class_5
575,class_2
576,class_2
577,class_2
578,class_2
579,class_2
580,class_1
581,class_1
582,class_1
583,class_1
584,class_1
585,class_1
586,class_2
587,class_2
588,class_2
589,class_2
590,class_2
591,class_2
592,class_2
593,class_5
594,class_5
595,class_5
596,class_5
597,class_5
598,class_5
599,class_5
600,class_5
601,class_5
602,class_10
603,class_8
604,class_8
605,class_8
606,class_8
607,class_8
608,class_8
609,class_0
610,class_0
611,class_0
612,class_0
613,class_0
614,class_0
615,class_9
616,class_9
617,class_9
618,class_9
619,class_9
620,class_6
621,class_6
622,class_6
623,class_6
624,class_6
625,class_3
626,class_3
627,class_3
628,class_3
629,class_3
630,class_3
631,class_2
632,class_2
633,class_2
634,class_2
635,class_2
636,class_2
637,class_5
638,class_5
639,class_5
640,class_5
641,class_5
642,class_8
643,class_8
644,class_8
645,class_8
646,class_8
647,class_0
648,class_0
649,class_0
650,class_0
651,class_0
652,class_0
653,class_7
654,class_7
655,class_7
656,class_7
657,class_7
658,class_7
659,class_4
660,class_4
661,class_4
662,class_4
663,class_4
664,class_4
665,class_4
666,class_1
667,class_1
668,class_1
669,class_1
670,class_1
671,class_1
672,class_10
673,class_2
674,class_2
675,class_2
676,class_2
677,class_2
678,class_2
679,class_5
680,class_5
681,class_5
682,class_5
683,class_5
684,class_8
685,class_8
686,class_8
687,class_8
688,class_8
689,class_0
690,class_0
691,class_0
692,class_0
693,class_0
694,class_0
695,class_10
696,class_10
697,class_9
698,class_9
699,class_9
700,class_9
701,class_9
702,class_9
703,class_6
704,class_6
705,class_6
706,class_6
707,class_6
708,class_6
709,class_3
710,class_3
711,class_3
712,class_3
713,class_3
714,class_3
715,class_2
716,class_2
717,class_2
718,class_2
719,class_2
720,class_2
721,class_5
722,class_5
723,class_5
724,class_5
725,class_5
726,class_5
727,class_8
728,class_8
729,class_8
730,class_8
731,class_8
732,class_10
733,class_10
734,class_10
735,class_0
736,class_0
737,class_0
738,class_0
739,class_0
740,class_0
741,class_10
742,class_10
743,class_10
744,class_10
745,class_10
746,class_0
747,class_0
748,class_0
749,class_0
750,class_0
751,class_10
752,class_7
753,class_7
754,class_7
755,class_7
756,class_7
757,class_4
758,class_4
759,class_4
760,class_4
761,class_4
762,class_4
763,class_1
764,class_1
765,class_1
766,class_1
767,class_1
768,class_1
769,class_4
770,class_4
771,class_4
772,class_4
773,class_4
774,class_4
775,class_4
776,class_4
777,class_4
778,class_4
779,class_4
780,class_4
781,class_4
782,class_4
783,class_4
784,class_4
785,class_4
786,class_4
787,class_4
788,class_4
789,class_4
790,class_4
791,class_4
792,class_4
793,class_4
794,class_4
795,class_4
796,class_4
797,class_4
798,class_4
799,class_4
800,class_4
801,class_4
802,class_7
803,class_7
804,class_7
805,class_7
806,class_7
807,class_7
808,class_8
809,class_8
810,class_8
811,class_5
812,class_5
813,class_5
814,class_5
815,class_5
816,class_5
817,class_6
818,class_6
819,class_6
820,class_6
821,class_6
822,class_6
823,class_9
824,class_9
825,class_9
826,class_9
827,class_10
828,class_3
829,class_3
830,class_3
831,class_3
832,class_3
833,class_3
834,class_3
835,class_2
836,class_2
837,class_2
838,class_2
839,class_2
840,class_2
841,class_10
842,class_1
843,class_1
844,class_1
845,class_1
846,class_1
847,class_10
848,class_10
849,class_5
850,class_5
851,class_5
852,class_5
853,class_5
854,class_5
855,class_8
856,class_8
857,class_8
858,class_8
859,class_8
860,class_8
861,class_0
862,class_0
863,class_0
864,class_0
865,class_0
866,class_0
867,class_0
868,class_0
869,class_0
870,class_0
871,class_0
872,class_10
873,class_10
874,class_9
875,class_9
876,class_9
877,class_9
878,class_9
879,class_6
880,class_6
881,class_6
882,class_6
883,class_6
884,class_6
885,class_3
886,class_3
887,class_3
888,class_3
889,class_3
890,class_3
891,class_3
892,class_2
893,class_2
894,class_2
895,class_2
896,class_2
897,class_2
898,class_5
899,class_5
900,class_5
901,class_5
902,class_5
903,class_8
904,class_8
905,class_8
906,class_8
907,class_8
908,class_0
909,class_0
910,class_0
911,class_0
912,class_0
913,class_0
914,class_9
915,class_9
916,class_9
917,class_9
918,class_6
919,class_6
920,class_6
921,class_6
922,class_6
923,class_6
924,class_6
925,class_3
926,class_3
927,class_3
928,class_3
929,class_3
930,class_3
931,class_6
932,class_6
933,class_6
934,class_6
935,class_6
936,class_6
937,class_6
938,class_6
939,class_6
940,class_6
941,class_6
942,class_6
943,class_6
944,class_6
945,class_6
946,class_6
947,class_6
948,class_9
949,class_9
950,class_9
951,class_9
952,class_9
953,class_9
954,class_9
955,class_9
956,class_9
957,class_0
958,class_0
959,class_0
960,class_0
961,class_0
962,class_0
963,class_8
964,class_8
965,class_8
966,class_8
967,class_5
968,class_5
969,class_5
970,class_5
971,class_5
972,class_5
973,class_5
974,class_5
975,class_5
976,class_5
977,class_5
978,class_5
979,class_5
980,class_5
981,class_2
982,class_2
983,class_2
984,class_2
985,class_2
986,class_2
987,class_2
988,class_2
989,class_2
990,class_2
991,class_2
992,class_3
993,class_3
994,class_3
995,class_3
996,class_5
997,class_5
998,class_5
999,class_5
1000,class_5
1001,class_5
1002,class_5
1003,class_5
1004,class_5
1005,class_8
1006,class_8
1007,class_8
1008,class_8
1009,class_8
1010,class_8
1011,class_8
1012,class_8
1013,class_8
1014,class_8
1015,class_0
1016,class_0
1017,class_0
1018,class_0
1019,class_0
1020,class_8
1021,class_8
1022,class_8
1023,class_8
1024,class_8
1025,class_8
1026,class_8
1027,class_8
1028,class_8
1029,class_8
1030,class_8
1031,class_8
1032,class_8
1033,class_8
1034,class_8
1035,class_8
1036,class_8
1037,class_8
1038,class_8
1039,class_8
1040,class_8
1041,class_8
1042,class_8
1043,class_8
1044,class_0
1045,class_0
1046,class_0
1047,class_0
1048,class_0
1049,class_0
1050,class_0
1051,class_0
1052,class_0
1053,class_0
1054,class_0
1055,class_0
1056,class_0
1057,class_0
1058,class_0
1059,class_0
1060,class_0
1061,class_0
1062,class_0
1063,class_0
1064,class_0
1065,class_0
1066,class_0
1067,class_8
1068,class_8
1069,class_8
1070,class_8
1071,class_8
1072,class_5
1073,class_5
1074,class_5
1075,class_5
1076,class_5
1077,class_5
1078,class_2
1079,class_2
1080,class_2
1081,class_2
1082,class_2
1083,class_2
1084,class_10
1085,class_10
1086,class_10
1087,class_10
1088,class_10
1089,class_10
1090,class_10
1091,class_1
1092,class_1
1093,class_1
1094,class_1
1095,class_1
1096,class_1
1097,class_4
1098,class_4
1099,class_4
1100,class_4
1101,class_4
1102,class_4
1103,class_10
1104,class_10
1105,class_10
1106,class_10
1107,class_7
1108,class_7
1109,class_7
1110,class_7
1111,class_7
1112,class_7
1113,class_7
1114,class_7
1115,class_7
1116,class_7
1117,class_7
1118,class_7
1119,class_7
1120,class_7
1121,class_7
1122,class_10
1123,class_10
1124,class_10
1125,class_4
1126,class_4
1127,class_4
1128,class_4
1129,class_4
1130,class_4
1131,class_4
1132,class_4
1133,class_4
1134,class_4
1135,class_4
1136,class_4
1137,class_1
1138,class_1
1139,class_1
1140,class_1
1141,class_1
1142,class_1
1143,class_4
1144,class_4
1145,class_4
1146,class_4
1147,class_4
1148,class_4
1149,class_4
1150,class_7
1151,class_7
1152,class_7
1153,class_7
1154,class_7
1155,class_7
1156,class_7
1157,class_7
1158,class_7
1159,class_7
1160,class_10
1161,class_8
1162,class_8
1163,class_8
1164,class_8
1165,class_8
1166,class_8
1167,class_5
1168,class_5
1169,class_5
1170,class_5
1171,class_5
1172,class_5
1173,class_2
1174,class_2
1175,class_2
1176,class_2
1177,class_2
1178,class_2
1179,class_3
1180,class_3
1181,class_3
1182,class_3
1183,class_3
1184,class_3
1185,class_6
1186,class_6
1187,class_6
1188,class_6
1189,class_6
1190,class_6
1191,class_9
1192,class_9
1193,class_9
1194,class_9
1195,class_9
1196,class_9
1197,class_10
1198,class_10
1199,class_0
1200,class_0
1201,class_0
1202,class_0
1203,class_0
1204,class_0
1205,class_8
1206,class_8
1207,class_8
1208,class_8
1209,class_8
1210,class_5
1211,class_5
1212,class_5
1213,class_5
1214,class_5
1215,class_5
1216,class_5
1217,class_7
1218,class_7
1219,class_7
1220,class_7
1221,class_7
1222,class_7
1223,class_8
1224,class_8
1225,class_8
1226,class_8
1227,class_8
1228,class_9
1229,class_9
1230,class_9
1231,class_9
1232,class_9
1233,class_9
1234,class_0
1235,class_0
1236,class_0
1237,class_0
1238,class_0
1239,class_0
1240,class_8
1241,class_8
1242,class_8
1243,class_8
1244,class_8
1245,class_9
1246,class_9
1247,class_9
1248,class_9
1249,class_9
1250,class_8
1251,class_8
1252,class_8
1253,class_8
1254,class_8
1255,class_8
1256,class_7
1257,class_7
1258,class_7
1259,class_7
1260,class_7
1261,class_7
1262,class_10
1263,class_0
1264,class_0
1265,class_0
1266,class_0
1267,class_0
1268,class_8
1269,class_8
1270,class_8
1271,class_8
1272,class_8
1273,class_9
1274,class_9
1275,class_9
1276,class_9
1277,class_9
1278,class_9
1279,class_6
1280,class_6
1281,class_6
1282,class_6
1283,class_6
1284,class_6
1285,class_10
1286,class_5
1287,class_5
1288,class_5
1289,class_5
1290,class_5
1291,class_5
1292,class_8
1293,class_8
1294,class_8
1295,class_8
1296,class_8
1297,class_8
1298,class_7
1299,class_7
1300,class_7
1301,class_7
1302,class_7
1303,class_7
1304,class_10
1305,class_8
1306,class_8
1307,class_8
1308,class_8
1309,class_8
1310,class_0
1311,class_0
1312,class_0
1313,class_0
1314,class_0
1315,class_0
1316,class_10
1317,class_10
1318,class_10
1319,class_10
1320,class_10
1321,class_10
1322,class_10
1323,class_10
1324,class_9
1325,class_9
1326,class_9
1327,class_9
1328,class_9
1329,class_6
1330,class_6
1331,class_6
1332,class_6
1333,class_6
1334,class_6
1335,class_6
1336,class_3
1337,class_3
1338,class_3
1339,class_3
1340,class_3
1341,class_2
1342,class_2
1343,class_2
1344,class_2
1345,class_2
1346,class_2
1347,class_5
1348,class_5
1349,class_5
1350,class_5
1351,class_5
1352,class_5
1353,class_1
1354,class_1
1355,class_1
1356,class_1
1357,class_1
1358,class_1
1359,class_4
1360,class_4
1361,class_4
1362,class_4
1363,class_4
1364,class_4
1365,class_4
1366,class_5
1367,class_5
1368,class_5
1369,class_5
1370,class_5
1371,class_10
1372,class_10
1373,class_10
1374,class_10
1375,class_10
1376,class_10
1377,class_6
1378,class_6
1379,class_6
1380,class_6
1381,class_6
1382,class_6
1383,class_3
1384,class_3
1385,class_3
1386,class_3
1387,class_3
1388,class_3
1389,class_3
1390,class_6
1391,class_6
1392,class_6
1393,class_6
1394,class_9
1395,class_9
1396,class_9
1397,class_9
1398,class_9
1399,class_9
1400,class_8
1401,class_8
1402,class_8
1403,class_8
1404,class_8
1405,class_8
1406,class_8
1407,class_8
1408,class_8
1409,class_8
1410,class_5
1411,class_5
1412,class_5
1413,class_5
1414,class_5
1415,class_2
1416,class_2
1417,class_2
1418,class_2
1419,class_2
1420,class_2
1421,class_2
1422,class_2
1423,class_2
1424,class_2
1425,class_2
1426,class_3
1427,class_3
1428,class_3
1429,class_3
1430,class_3
1431,class_3
1432,class_3
1433,class_6
1434,class_6
1435,class_6
1436,class_6
1437,class_6
1438,class_6
1439,class_6
1440,class_6
1441,class_6
1442,class_6
1443,class_6
1444,class_9
1445,class_9
1446,class_9
1447,class_9
1448,class_9
1449,class_10
1450,class_0
1451,class_0
1452,class_0
1453,class_0
1454,class_0
1455,class_0
1456,class_8
1457,class_8
1458,class_8
1459,class_8
1460,class_8
1461,class_8
1462,class_8
1463,class_8
1464,class_8
1465,class_7
1466,class_7
1467,class_7
1468,class_7
1469,class_7
1470,class_7
1471,class_4
1472,class_4
1473,class_4
1474,class_4
1475,class_4
1476,class_4
1477,class_5
1478,class_5
1479,class_5
1480,class_5
1481,class_5
1482,class_5
1483,class_6
1484,class_6
1485,class_6
1486,class_6
1487,class_6
1488,class_3
1489,class_3
1490,class_3
1491,class_3
1492,class_3
1493,class_3
1494,class_3
1495,class_3
1496,class_3
1497,class_3
1498,class_3
1499,class_3
1500,class_10
1501,class_2
1502,class_2
1503,class_2
1504,class_2
1505,class_2
1506,class_2
1507,class_2
1508,class_1
1509,class_1
1510,class_1
1511,class_1
1512,class_1
1513,class_1
1514,class_1
1515,class_4
1516,class_4
1517,class_4
1518,class_4
1519,class_4
1520,class_5
1521,class_5
1522,class_5
1523,class_5
1524,class_5
1525,class_5
1526,class_6
1527,class_6
1528,class_6
1529,class_3
1530,class_3
1531,class_3
1532,class_3
1533,class_3
1534,class_3
1535,class_3
1536,class_6
1537,class_6
1538,class_6
1539,class_6
1540,class_6
1541,class_9
1542,class_9
1543,class_9
1544,class_9
1545,class_9
1546,class_9
1547,class_9
1548,class_9
1549,class_9
1550,class_10
1551,class_0
1552,class_0
1553,class_0
1554,class_0
1555,class_0
1556,class_0
1557,class_8
1558,class_8
1559,class_8
1560,class_8
1561,class_7
1562,class_7
1563,class_7
1564,class_7
1565,class_7
1566,class_7
1567,class_5
1568,class_5
1569,class_5
1570,class_5
1571,class_5
1572,class_5
1573,class_6
1574,class_6
1575,class_6
1576,class_6
1577,class_6
1578,class_5
1579,class_5
1580,class_5
1581,class_5
1582,class_5
1583,class_4
1584,class_4
1585,class_4
1586,class_4
1587,class_4
1588,class_1
1589,class_1
1590,class_1
1591,class_1
1592,class_1
1593,class_1
1594,class_1
1595,class_2
1596,class_2
1597,class_2
1598,class_2
1599,class_2
1600,class_3
1601,class_3
1602,class_3
1603,class_3
1604,class_3
1605,class_3
1606,class_6
1607,class_6
1608,class_6
1609,class_6
1610,class_6
1611,class_6
1612,class_9
1613,class_9
1614,class_9
1615,class_9
1616,class_9
1617,class_9
1618,class_9
1619,class_9
1620,class_9
1621,class_10
1622,class_0
1623,class_0
1624,class_0
1625,class_0
1626,class_0
1627,class_0
1628,class_0
1629,class_0
1630,class_0
1631,class_0
1632,class_0
1633,class_8
1634,class_8
1635,class_8
1636,class_8
1637,class_8
1638,class_5
1639,class_5
1640,class_5
1641,class_5
1642,class_5
1643,class_5
1644,class_7
1645,class_7
1646,class_7
1647,class_7
1648,class_7
1649,class_4
1650,class_4
1651,class_4
1652,class_4
1653,class_4
1654,class_4
1655,class_5
1656,class_5
1657,class_5
1658,class_5
1659,class_5
1660,class_6
1661,class_6
1662,class_6
1663,class_6
1664,class_6
1665,class_3
1666,class_3
1667,class_3
1668,class_3
1669,class_3
1670,class_2
1671,class_2
1672,class_2
1673,class_2
1674,class_2
1675,class_2
1676,class_2
1677,class_1
1678,class_1
1679,class_1
1680,class_1
1681,class_1
1682,class_1
1683,class_4
1684,class_4
1685,class_4
1686,class_4
1687,class_4
1688,class_10
1689,class_5
1690,class_5
1691,class_5
1692,class_5
1693,class_5
1694,class_6
1695,class_6
1696,class_6
1697,class_6
1698,class_6
1699,class_3
1700,class_3
1701,class_3
1702,class_3
1703,class_3
1704,class_3
1705,class_2
1706,class_2
1707,class_2
1708,class_2
1709,class_2
1710,class_1
1711,class_1
1712,class_1
1713,class_1
1714,class_1
1715,class_1
1716,class_4
1717,class_4
1718,class_4
1719,class_4
1720,class_4
1721,class_4
1722,class_5
1723,class_5
1724,class_5
1725,class_5
1726,class_5
1727,class_8
1728,class_8
1729,class_8
1730,class_8
1731,class_8
1732,class_6
1733,class_6
1734,class_6
1735,class_6
1736,class_6
1737,class_6
1738,class_6
1739,class_6
1740,class_6
1741,class_6
1742,class_3
1743,class_3
1744,class_3
1745,class_3
1746,class_3
1747,class_3
1748,class_3
1749,class_6
1750,class_6
1751,class_6
1752,class_6
1753,class_6
1754,class_9
1755,class_9
1756,class_9
1757,class_9
1758,class_9
1759,class_10
1760,class_0
1761,class_0
1762,class_0
1763,class_0
1764,class_0
1765,class_8
1766,class_8
1767,class_8
1768,class_8
1769,class_8
1770,class_7
1771,class_7
1772,class_7
1773,class_7
1774,class_7
1775,class_7
1776,class_4
1777,class_4
1778,class_4
1779,class_4
1780,class_4
1781,class_5
1782,class_5
1783,class_5
1784,class_5
1785,class_5
1786,class_6
1787,class_6
1788,class_6
1789,class_6
1790,class_6
1791,class_3
1792,class_3
1793,class_3
1794,class_3
1795,class_3
1796,class_2
1797,class_2
1798,class_2
1799,class_2
1800,class_2
1801,class_2
1802,class_1
1803,class_1
1804,class_1
1805,class_1
1806,class_1
1807,class_1
1808,class_4
1809,class_4
1810,class_4
1811,class_4
1812,class_4
1813,class_4
1814,class_4
1815,class_5
1816,class_5
1817,class_5
1818,class_5
1819,class_5
1820,class_5
1821,class_5
1822,class_5
1823,class_5
1824,class_8
1825,class_8
1826,class_8
1827,class_8
1828,class_8
1829,class_0
1830,class_0
1831,class_0
1832,class_0
1833,class_0
1834,class_0
1835,class_7
1836,class_7
1837,class_7
1838,class_7
1839,class_7
1840,class_7
1841,class_8
1842,class_8
1843,class_8
1844,class_8
1845,class_8
1846,class_9
1847,class_9
1848,class_9
1849,class_9
1850,class_6
1851,class_6
1852,class_6
1853,class_6
1854,class_6
1855,class_6
1856,class_6
1857,class_3
1858,class_3
1859,class_3
1860,class_3
1861,class_3
1862,class_3
1863,class_10
1864,class_2
1865,class_2
1866,class_2
1867,class_2
1868,class_2
1869,class_5
1870,class_5
1871,class_5
1872,class_5
1873,class_5
1874,class_8
1875,class_8
1876,class_8
1877,class_8
1878,class_0
1879,class_0
1880,class_0
1881,class_0
1882,class_0
1883,class_0
1884,class_0
1885,class_0
1886,class_0
1887,class_0
1888,class_0
1889,class_0
1890,class_0
1891,class_0
1892,class_0
1893,class_0
1894,class_0
1895,class_0
1896,class_0
1897,class_0
1898,class_0
1899,class_0
1900,class_8
1901,class_8
1902,class_8
1903,class_8
1904,class_5
1905,class_5
1906,class_5
1907,class_5
1908,class_5
1909,class_5
1910,class_2
1911,class_2
1912,class_2
1913,class_2
1914,class_2
1915,class_10
1916,class_10
1917,class_3
1918,class_3
1919,class_3
1920,class_3
1921,class_3
1922,class_3
1923,class_6
1924,class_6
1925,class_6
1926,class_6
1927,class_6
1928,class_9
1929,class_9
1930,class_9
1931,class_9
1932,class_9
1933,class_9
1934,class_0
1935,class_0
1936,class_0
1937,class_0
1938,class_0
1939,class_0
1940,class_8
1941,class_8
1942,class_8
1943,class_8
1944,class_7
1945,class_7
1946,class_7
1947,class_7
1948,class_7
1949,class_7
1950,class_4
1951,class_4
1952,class_4
1953,class_4
1954,class_4
1955,class_5
1956,class_5
1957,class_5
1958,class_5
1959,class_5
1960,class_6
1961,class_6
1962,class_6
1963,class_6
1964,class_6
1965,class_3
1966,class_3
1967,class_3
1968,class_3
1969,class_3
1970,class_3
1971,class_2
1972,class_2
1973,class_2
1974,class_2
1975,class_2
1976,class_10
1977,class_10
1978,class_1
1979,class_1
1980,class_1
1981,class_1
1982,class_1
1983,class_1
1984,class_4
1985,class_4
1986,class_4
1987,class_4
1988,class_4
1989,class_4
1990,class_7
1991,class_7
1992,class_7
1993,class_7
1994,class_7
1995,class_7
1996,class_10
1997,class_10
1998,class_8
1999,class_8
2000,class_8
2001,class_8
2002,class_8
2003,class_8
2004,class_0
2005,class_0
2006,class_0
2007,class_0
2008,class_0
2009,class_0
2010,class_9
2011,class_9
2012,class_9
2013,class_9
2014,class_9
2015,class_6
2016,class_6
2017,class_6
2018,class_6
2019,class_6
2020,class_6
2021,class_5
2022,class_5
2023,class_5
2024,class_5
2025,class_5
2026,class_5
2027,class_2
2028,class_2
2029,class_2
2030,class_2
2031,class_2
2032,class_3
2033,class_3
2034,class_3
2035,class_3
2036,class_3
2037,class_3
2038,class_6
2039,class_6
2040,class_6
2041,class_6
2042,class_6
2043,class_9
2044,class_9
2045,class_9
2046,class_9
2047,class_9
2048,class_9
2049,class_9
2050,class_9
2051,class_9
2052,class_0
2053,class_0
2054,class_0
2055,class_0
2056,class_0
2057,class_0
2058,class_8
2059,class_8
2060,class_8
2061,class_8
2062,class_8
2063,class_8
2064,class_5
2065,class_5
2066,class_5
2067,class_5
2068,class_5
2069,class_5
2070,class_10
2071,class_10
2072,class_2
2073,class_2
2074,class_2
2075,class_2
2076,class_2
2077,class_2
2078,class_1
2079,class_1
2080,class_1
2081,class_1
2082,class_1
2083,class_1
2084,class_1
2085,class_4
2086,class_4
2087,class_4
2088,class_4
2089,class_10
2090,class_7
2091,class_7
2092,class_7
2093,class_7
2094,class_7
2095,class_7
2096,class_0
2097,class_0
2098,class_0
2099,class_0
2100,class_0
2101,class_0
2102,class_8
2103,class_8
2104,class_8
2105,class_8
2106,class_8
2107,class_9
2108,class_9
2109,class_9
2110,class_9
2111,class_9
2112,class_6
2113,class_6
2114,class_6
2115,class_6
2116,class_6
2117,class_5
2118,class_5
2119,class_5
2120,class_5
2121,class_5
2122,class_4
2123,class_4
2124,class_4
2125,class_4
2126,class_4
2127,class_4
2128,class_1
2129,class_1
2130,class_1
2131,class_1
2132,class_1
2133,class_1
2134,class_1
2135,class_2
2136,class_2
2137,class_2
2138,class_2
2139,class_2
2140,class_3
2141,class_3
2142,class_3
2143,class_3
2144,class_3
2145,class_3
2146,class_6
2147,class_6
2148,class_6
2149,class_6
2150,class_6
2151,class_6
2152,class_9
2153,class_9
2154,class_9
2155,class_9
2156,class_9
2157,class_9
2158,class_9
2159,class_9
2160,class_0
2161,class_0
2162,class_0
2163,class_0
2164,class_0
2165,class_0
2166,class_8
2167,class_8
2168,class_8
2169,class_8
2170,class_5
2171,class_5
2172,class_5
2173,class_5
2174,class_5
2175,class_5
2176,class_5
2177,class_5
2178,class_5
2179,class_5
2180,class_5
2181,class_5
2182,class_5
2183,class_5
2184,class_2
2185,class_2
2186,class_2
2187,class_2
2188,class_2
2189,class_2
2190,class_2
2191,class_2
2192,class_2
2193,class_2
2194,class_5
2195,class_5
2196,class_5
2197,class_5
2198,class_8
2199,class_8
2200,class_8
2201,class_8
2202,class_8
2203,class_8
2204,class_8
2205,class_8
2206,class_8
2207,class_8
2208,class_0
2209,class_0
2210,class_0
2211,class_0
2212,class_0
2213,class_0
2214,class_0
2215,class_0
2216,class_0
2217,class_0
2218,class_0
2219,class_0
2220,class_0
2221,class_0
2222,class_0
2223,class_0
2224,class_0
2225,class_0
2226,class_0
2227,class_0
2228,class_0
2229,class_0
2230,class_0
2231,class_0
2232,class_0
2233,class_8
2234,class_8
2235,class_8
2236,class_8
2237,class_8
2238,class_5
2239,class_5
2240,class_5
2241,class_5
2242,class_5
2243,class_5
2244,class_5
2245,class_5
2246,class_5
2247,class_2
2248,class_2
2249,class_2
2250,class_2
2251,class_2
2252,class_2
2253,class_5
2254,class_5
2255,class_5
2256,class_5
2257,class_5
2258,class_5
2259,class_5
2260,class_8
2261,class_8
2262,class_8
2263,class_8
2264,class_8
2265,class_8
2266,class_8
2267,class_8
2268,class_8
2269,class_8
2270,class_8
2271,class_8
2272,class_0
2273,class_0
2274,class_0
2275,class_0
2276,class_0
2277,class_0
2278,class_7
2279,class_7
2280,class_7
2281,class_7
2282,class_7
2283,class_7
2284,class_7
2285,class_4
2286,class_4
2287,class_4
2288,class_4
2289,class_4
2290,class_4
2291,class_1
2292,class_1
2293,class_1
2294,class_1
2295,class_1
2296,class_1
2297,class_10
2298,class_2
2299,class_2
2300,class_2
2301,class_2
2302,class_2
2303,class_3
2304,class_3
2305,class_3
2306,class_3
2307,class_3
2308,class_6
2309,class_6
2310,class_6
2311,class_6
2312,class_6
2313,class_6
2314,class_9
2315,class_9
2316,class_9
2317,class_9
2318,class_10
2319,class_10
2320,class_0
2321,class_0
2322,class_0
2323,class_0
2324,class_0
2325,class_0
2326,class_8
2327,class_8
2328,class_8
2329,class_8
2330,class_8
2331,class_8
2332,class_7
2333,class_7
2334,class_7
2335,class_7
2336,class_7
2337,class_7
2338,class_9
2339,class_9
2340,class_9
2341,class_9
2342,class_9
2343,class_6
2344,class_6
2345,class_6
2346,class_6
2347,class_6
2348,class_6
2349,class_5
2350,class_5
2351,class_5
2352,class_5
2353,class_5
2354,class_5
2355,class_4
2356,class_4
2357,class_4
2358,class_4
2359,class_4
2360,class_4
2361,class_4
2362,class_1
2363,class_1
2364,class_1
2365,class_1
2366,class_1
2367,class_1
2368,class_2
2369,class_2
2370,class_2
2371,class_2
2372,class_2
2373,class_2
2374,class_3
2375,class_3
2376,class_3
2377,class_3
2378,class_3
2379,class_10
2380,class_6
2381,class_6
2382,class_6
2383,class_6
2384,class_6
2385,class_9
2386,class_9
2387,class_9
2388,class_9
2389,class_9
2390,class_10
2391,class_8
2392,class_8
2393,class_8
2394,class_8
2395,class_8
2396,class_8
2397,class_0
2398,class_0
2399,class_0
2400,class_0
2401,class_0
2402,class_0
2403,class_0
2404,class_0
2405,class_0
2406,class_0
2407,class_0
2408,class_7
2409,class_7
2410,class_7
2411,class_7
2412,class_7
2413,class_4
2414,class_4
2415,class_4
2416,class_4
2417,class_4
2418,class_4
2419,class_5
2420,class_5
2421,class_5
2422,class_5
2423,class_5
2424,class_6
2425,class_6
2426,class_6
2427,class_6
2428,class_6
2429,class_3
2430,class_3
2431,class_3
2432,class_3
2433,class_3
2434,class_3
2435,class_2
2436,class_2
2437,class_2
2438,class_2
2439,class_2
2440,class_2
2441,class_10
2442,class_1
2443,class_1
2444,class_1
2445,class_1
2446,class_1
2447,class_10
2448,class_2
2449,class_2
2450,class_2
2451,class_2
2452,class_2
2453,class_2
2454,class_3
2455,class_3
2456,class_3
2457,class_3
2458,class_3
2459,class_6
2460,class_6
2461,class_6
2462,class_6
2463,class_6
2464,class_9
2465,class_9
2466,class_9
2467,class_9
2468,class_9
2469,class_9
2470,class_10
2471,class_10
2472,class_10
2473,class_10
2474,class_0
2475,class_0
2476,class_0
2477,class_0
2478,class_0
2479,class_0
2480,class_8
2481,class_8
2482,class_8
2483,class_8
2484,class_8
2485,class_10
2486,class_7
2487,class_7
2488,class_7
2489,class_7
2490,class_7
2491,class_10
2492,class_4
2493,class_4
2494,class_4
2495,class_4
2496,class_4
2497,class_4
2498,class_5
2499,class_5
2500,class_5
2501,class_5
2502,class_6
2503,class_6
2504,class_6
2505,class_6
2506,class_6
2507,class_6
2508,class_6
2509,class_6
2510,class_6
2511,class_6
2512,class_3
2513,class_3
2514,class_3
2515,class_3
2516,class_3
2517,class_3
2518,class_3
2519,class_3
2520,class_3
2521,class_3
2522,class_3
2523,class_3
2524,class_3
2525,class_3
2526,class_3
2527,class_3
2528,class_3
2529,class_2
2530,class_2
2531,class_2
2532,class_2
2533,class_2
2534,class_2
2535,class_10
2536,class_1
2537,class_1
2538,class_1
2539,class_1
2540,class_1
2541,class_1
2542,class_4
2543,class_4
2544,class_4
2545,class_4
2546,class_4
2547,class_4
2548,class_7
2549,class_7
2550,class_7
2551,class_7
2552,class_7
2553,class_7
2554,class_7
2555,class_7
2556,class_7
2557,class_7
2558,class_7
2559,class_7
2560,class_10
2561,class_8
2562,class_8
2563,class_8
2564,class_8
2565,class_8
2566,class_8
2567,class_10
2568,class_0
2569,class_0
2570,class_0
2571,class_0
2572,class_0
2573,class_10
2574,class_9
2575,class_9
2576,class_9
2577,class_9
2578,class_9
2579,class_9
2580,class_6
2581,class_6
2582,class_6
2583,class_6
2584,class_6
2585,class_6
2586,class_3
2587,class_3
2588,class_3
2589,class_3
2590,class_3
2591,class_3
2592,class_2
2593,class_2
2594,class_2
2595,class_2
2596,class_2
2597,class_5
2598,class_5
2599,class_5
2600,class_5
2601,class_5
2602,class_4
2603,class_4
2604,class_4
2605,class_4
2606,class_4
2607,class_4
2608,class_7
2609,class_7
2610,class_7
2611,class_7
2612,class_7
2613,class_10
2614,class_8
2615,class_8
2616,class_8
2617,class_8
2618,class_8
2619,class_8
2620,class_10
2621,class_10
2622,class_0
2623,class_0
2624,class_0
2625,class_0
2626,class_0
2627,class_0
2628,class_0
2629,class_0
2630,class_0
2631,class_0
2632,class_0
2633,class_10
2634,class_8
2635,class_8
2636,class_8
2637,class_8
2638,class_8
2639,class_10
2640,class_9
2641,class_9
2642,class_9
2643,class_9
2644,class_9
2645,class_9
2646,class_6
2647,class_6
2648,class_6
2649,class_6
2650,class_6
2651,class_3
2652,class_3
2653,class_3
2654,class_3
2655,class_3
2656,class_3
2657,class_2
2658,class_2
2659,class_2
2660,class_2
2661,class_2
2662,class_2
2663,class_10
2664,class_10
2665,class_10
2666,class_5
2667,class_5
2668,class_5
2669,class_5
2670,class_5
2671,class_5
2672,class_4
2673,class_4
2674,class_4
2675,class_4
2676,class_4
2677,class_4
2678,class_4
2679,class_4
2680,class_4
2681,class_4
2682,class_4
2683,class_7
2684,class_7
2685,class_7
2686,class_7
2687,class_7
2688,class_7
2689,class_7
2690,class_7
2691,class_7
2692,class_7
2693,class_7
2694,class_0
2695,class_0
2696,class_0
2697,class_0
2698,class_0
2699,class_0
2700,class_9
2701,class_9
2702,class_9
2703,class_9
2704,class_9
2705,class_9
2706,class_9
2707,class_9
2708,class_9
2709,class_9
2710,class_9
2711,class_6
2712,class_6
2713,class_6
2714,class_6
2715,class_6
2716,class_6
2717,class_6
2718,class_6
2719,class_6
2720,class_6
2721,class_6
2722,class_3
2723,class_3
2724,class_3
2725,class_3
2726,class_3
2727,class_3
2728,class_3
2729,class_2
2730,class_2
2731,class_2
2732,class_2
2733,class_2
2734,class_2
2735,class_5
2736,class_5
2737,class_5
2738,class_5
2739,class_5
2740,class_8
2741,class_8
2742,class_8
2743,class_8
2744,class_8
2745,class_10
2746,class_10
2747,class_10
2748,class_10
2749,class_10
2750,class_0
2751,class_0
2752,class_0
2753,class_0
2754,class_0
2755,class_0
2756,class_0
2757,class_0
2758,class_0
2759,class_0
2760,class_0
2761,class_0
2762,class_10
2763,class_7
2764,class_7
2765,class_7
2766,class_7
2767,class_7
2768,class_4
2769,class_4
2770,class_4
2771,class_4
2772,class_4
2773,class_4
2774,class_4
2775,class_1
2776,class_1
2777,class_1
2778,class_1
2779,class_1
2780,class_1
2781,class_2
2782,class_2
2783,class_2
2784,class_2
2785,class_2
2786,class_3
2787,class_3
2788,class_3
2789,class_3
2790,class_3
2791,class_3
2792,class_6
2793,class_6
2794,class_6
2795,class_6
2796,class_6
2797,class_9
2798,class_9
2799,class_9
2800,class_9
2801,class_9
2802,class_9
2803,class_9
2804,class_9
2805,class_9
2806,class_9
2807,class_0
2808,class_0
2809,class_0
2810,class_0
2811,class_0
2812,class_0
2813,class_0
2814,class_8
2815,class_8
2816,class_8
2817,class_8
2818,class_7
2819,class_7
2820,class_7
2821,class_7
2822,class_7
2823,class_4
2824,class_4
2825,class_4
2826,class_4
2827,class_4
2828,class_4
2829,class_5
2830,class_5
2831,class_5
2832,class_5
2833,class_5
2834,class_6
2835,class_6
2836,class_6
2837,class_6
2838,class_6
2839,class_9
2840,class_9
2841,class_9
2842,class_9
2843,class_9
2844,class_8
2845,class_8
2846,class_8
2847,class_8
2848,class_8
2849,class_8
2850,class_0
2851,class_0
2852,class_0
2853,class_0
2854,class_10
2855,class_10
2856,class_10
2857,class_10
2858,class_7
2859,class_7
2860,class_7
2861,class_7
2862,class_7
2863,class_7
2864,class_4
2865,class_4
2866,class_4
2867,class_4
2868,class_4
2869,class_4
2870,class_5
2871,class_5
2872,class_5
2873,class_5
2874,class_5
2875,class_6
2876,class_6
2877,class_6
2878,class_6
2879,class_3
2880,class_3
2881,class_3
2882,class_3
2883,class_3
2884,class_3
2885,class_2
2886,class_2
2887,class_2
2888,class_2
2889,class_2
2890,class_10
2891,class_10
2892,class_1
2893,class_1
2894,class_1
2895,class_1
2896,class_1
2897,class_1
2898,class_2
2899,class_2
2900,class_2
2901,class_2
2902,class_2
2903,class_2
2904,class_3
2905,class_3
2906,class_3
2907,class_3
2908,class_3
2909,class_6
2910,class_6
2911,class_6
2912,class_6
2913,class_6
2914,class_6
2915,class_6
2916,class_6
2917,class_6
2918,class_6
2919,class_6
2920,class_9
2921,class_9
2922,class_9
2923,class_9
2924,class_9
2925,class_10
2926,class_0
2927,class_0
2928,class_0
2929,class_0
2930,class_0
2931,class_0
2932,class_8
2933,class_8
2934,class_8
2935,class_8
2936,class_10
2937,class_7
2938,class_7
2939,class_7
2940,class_7
2941,class_7
2942,class_4
2943,class_4
2944,class_4
2945,class_4
2946,class_4
2947,class_4
2948,class_5
2949,class_5
2950,class_5
2951,class_5
2952,class_6
2953,class_6
2954,class_6
2955,class_6
2956,class_3
2957,class_3
2958,class_3
2959,class_3
2960,class_3
2961,class_3
2962,class_2
2963,class_2
2964,class_2
2965,class_2
2966,class_2
2967,class_2
2968,class_1
2969,class_1
2970,class_1
2971,class_1
2972,class_1
2973,class_1
2974,class_1
2975,class_4
2976,class_4
2977,class_4
2978,class_4
2979,class_4
2980,class_5
2981,class_5
2982,class_5
2983,class_5
2984,class_5
2985,class_5
2986,class_6
2987,class_6
2988,class_6
2989,class_6
2990,class_6
2991,class_6
2992,class_9
2993,class_9
2994,class_9
2995,class_9
2996,class_8
2997,class_8
2998,class_8
2999,class_8
3000,class_8
3001,class_8
3002,class_7
3003,class_7
3004,class_7
3005,class_7
3006,class_7
3007,class_7
3008,class_10
3009,class_0
3010,class_0
3011,class_0
3012,class_0
3013,class_0
3014,class_8
3015,class_8
3016,class_8
3017,class_8
3018,class_8
3019,class_7
3020,class_7
3021,class_7
3022,class_7
3023,class_7
3024,class_7
3025,class_4
3026,class_4
3027,class_4
3028,class_4
3029,class_4
3030,class_5
3031,class_5
3032,class_5
3033,class_5
3034,class_5
3035,class_6
3036,class_6
3037,class_6
3038,class_6
3039,class_6
3040,class_6
3041,class_9
3042,class_9
3043,class_9
3044,class_9
3045,class_8
3046,class_8
3047,class_8
3048,class_8
3049,class_8
3050,class_0
3051,class_0
3052,class_0
3053,class_0
3054,class_0
3055,class_0
3056,class_7
3057,class_7
3058,class_7
3059,class_7
3060,class_7
3061,class_4
3062,class_4
3063,class_4
3064,class_4
3065,class_4
3066,class_4
3067,class_5
3068,class_5
3069,class_5
3070,class_5
3071,class_6
3072,class_6
3073,class_6
3074,class_6
3075,class_6
3076,class_3
3077,class_3
3078,class_3
3079,class_3
3080,class_3
3081,class_2
3082,class_2
3083,class_2
3084,class_2
3085,class_2
3086,class_1
3087,class_1
3088,class_1
3089,class_1
3090,class_1
3091,class_1
3092,class_1
3093,class_4
3094,class_4
3095,class_4
3096,class_4
3097,class_4
3098,class_10
3099,class_10
3100,class_10
3101,class_10
3102,class_10
3103,class_6
3104,class_6
3105,class_6
3106,class_6
3107,class_6
3108,class_6
3109,class_9
3110,class_9
3111,class_9
3112,class_9
3113,class_9
3114,class_8
3115,class_8
3116,class_8
3117,class_8
3118,class_0
3119,class_0
3120,class_0
3121,class_0
3122,class_0
3123,class_0
3124,class_0
3125,class_10
3126,class_7
3127,class_7
3128,class_7
3129,class_7
3130,class_7
3131,class_7
3132,class_7
3133,class_8
3134,class_8
3135,class_8
3136,class_8
3137,class_8
3138,class_9
3139,class_9
3140,class_9
3141,class_9
3142,class_6
3143,class_6
3144,class_6
3145,class_6
3146,class_6
3147,class_5
3148,class_5
3149,class_5
3150,class_5
3151,class_5
3152,class_4
3153,class_4
3154,class_4
3155,class_4
3156,class_4
3157,class_4
3158,class_4
3159,class_1
3160,class_1
3161,class_1
3162,class_1
3163,class_1
3164,class_1
3165,class_2
3166,class_2
3167,class_2
3168,class_2
3169,class_2
3170,class_3
3171,class_3
3172,class_3
3173,class_3
3174,class_3
3175,class_3
3176,class_6
3177,class_6
3178,class_6
3179,class_6
3180,class_6
3181,class_6
3182,class_9
3183,class_9
3184,class_9
3185,class_9
3186,class_9
3187,class_9
3188,class_9
3189,class_9
3190,class_0
3191,class_0
3192,class_0
3193,class_0
3194,class_0
3195,class_0
3196,class_0
3197,class_0
3198,class_0
3199,class_0
3200,class_0
3201,class_7
3202,class_7
3203,class_7
3204,class_7
3205,class_7
3206,class_7
3207,class_7
3208,class_7
3209,class_7
3210,class_4
3211,class_4
3212,class_4
3213,class_4
3214,class_4
3215,class_4
3216,class_5
3217,class_5
3218,class_5
3219,class_5
3220,class_5
3221,class_10
3222,class_6
3223,class_6
3224,class_6
3225,class_6
3226,class_6
3227,class_6
3228,class_6
3229,class_6
3230,class_6
3231,class_6
3232,class_6
3233,class_6
3234,class_9
3235,class_9
3236,class_9
3237,class_9
3238,class_9
3239,class_9
3240,class_9
3241,class_9
3242,class_9
3243,class_9
3244,class_0
3245,class_0
3246,class_0
3247,class_0
3248,class_0
3249,class_0
3250,class_0
3251,class_0
3252,class_0
3253,class_0
3254,class_0
3255,class_7
3256,class_7
3257,class_7
3258,class_7
3259,class_7
3260,class_7
3261,class_7
3262,class_7
3263,class_7
3264,class_7
3265,class_4
3266,class_4
3267,class_4
3268,class_4
3269,class_4
3270,class_4
3271,class_4
3272,class_4
3273,class_4
3274,class_4
3275,class_4
3276,class_5
3277,class_5
3278,class_5
3279,class_5
3280,class_5
3281,class_6
3282,class_6
3283,class_6
3284,class_6
3285,class_6
3286,class_6
3287,class_6
3288,class_6
3289,class_6
3290,class_6
3291,class_6
3292,class_10
3293,class_10
3294,class_10
3295,class_10
3296,class_10
3297,class_6
3298,class_6
3299,class_6
3300,class_6
3301,class_6
3302,class_3
3303,class_3
3304,class_3
3305,class_3
3306,class_3
3307,class_3
3308,class_2
3309,class_2
3310,class_2
3311,class_2
3312,class_2
3313,class_2
3314,class_1
3315,class_1
3316,class_1
3317,class_1
3318,class_1
3319,class_1
3320,class_1
3321,class_4
3322,class_4
3323,class_4
3324,class_4
3325,class_4
3326,class_5
3327,class_5
3328,class_5
3329,class_5
3330,class_5
3331,class_5
3332,class_6
3333,class_6
3334,class_6
3335,class_6
3336,class_6
3337,class_6
3338,class_9
3339,class_9
3340,class_9
3341,class_9
3342,class_0
3343,class_0
3344,class_0
3345,class_0
3346,class_0
3347,class_0
3348,class_0
3349,class_0
3350,class_0
3351,class_0
3352,class_0
3353,class_10
3354,class_10
3355,class_10
3356,class_10
3357,class_10
3358,class_10
3359,class_7
3360,class_7
3361,class_7
3362,class_7
3363,class_7
3364,class_7
3365,class_7
3366,class_7
3367,class_7
3368,class_4
3369,class_4
3370,class_4
3371,class_4
3372,class_4
3373,class_4
3374,class_5
3375,class_5
3376,class_5
3377,class_5
3378,class_5
3379,class_3
3380,class_3
3381,class_3
3382,class_3
3383,class_3
3384,class_3
3385,class_2
3386,class_2
3387,class_2
3388,class_2
3389,class_2
3390,class_2
3391,class_3
3392,class_3
3393,class_3
3394,class_3
3395,class_3
3396,class_6
3397,class_6
3398,class_6
3399,class_6
3400,class_6
3401,class_6
3402,class_9
3403,class_9
3404,class_9
3405,class_9
3406,class_0
3407,class_0
3408,class_0
3409,class_0
3410,class_0
3411,class_0
3412,class_7
3413,class_7
3414,class_7
3415,class_7
3416,class_7
3417,class_7
3418,class_7
3419,class_7
3420,class_7
3421,class_7
3422,class_10
3423,class_10
3424,class_10
3425,class_10
3426,class_10
3427,class_10
3428,class_10
3429,class_10
3430,class_10
3431,class_10
3432,class_10
3433,class_10
3434,class_10
3435,class_10
3436,class_10
3437,class_10
3438,class_10
3439,class_6
3440,class_6
3441,class_6
3442,class_6
3443,class_10
3444,class_10
3445,class_9
3446,class_9
3447,class_9
3448,class_9
3449,class_9
3450,class_9
3451,class_8
3452,class_8
3453,class_8
3454,class_8
3455,class_5
3456,class_5
3457,class_5
3458,class_5
3459,class_5
3460,class_5
3461,class_4
3462,class_4
3463,class_4
3464,class_4
3465,class_4
3466,class_10
3467,class_10
3468,class_10
3469,class_10
3470,class_10
3471,class_7
3472,class_7
3473,class_7
3474,class_7
3475,class_7
3476,class_7
3477,class_7
3478,class_7
3479,class_7
3480,class_7
3481,class_7
3482,class_7
3483,class_10
3484,class_10
3485,class_10
3486,class_10
3487,class_10
3488,class_10
3489,class_10
3490,class_10
3491,class_10
3492,class_10
3493,class_10
3494,class_10
3495,class_10
3496,class_10
3497,class_10
3498,class_10
3499,class_10
3500,class_10
3501,class_10
3502,class_10
3503,class_10
3504,class_10
3505,class_10
3506,class_10
3507,class_10
3508,class_10
3509,class_10
3510,class_10
3511,class_10
3512,class_10
3513,class_10
3514,class_10
3515,class_10
3516,class_10
3517,class_10
3518,class_10
3519,class_10
3520,class_10
3521,class_10
3522,class_10
3523,class_10
3524,class_10
3525,class_10
3526,class_10
3527,class_10
3528,class_10
3529,class_10
3530,class_10
3531,class_10
3532,class_10
3533,class_10
3534,class_10
3535,class_10
3536,class_10
3537,class_10
3538,class_10
3539,class_10
3540,class_10
3541,class_10
3542,class_10
3543,class_10
3544,class_10
3545,class_10
3546,class_10
3547,class_10
3548,class_10
3549,class_10
3550,class_10
3551,class_10
3552,class_10
3553,class_10
3554,class_10
3555,class_10
3556,class_10
3557,class_10
3558,class_10
3559,class_10
3560,class_10
3561,class_10
3562,class_10
3563,class_10
3564,class_10
3565,class_10
3566,class_10
3567,class_10
3568,class_10
3569,class_10
3570,class_10
3571,class_10
3572,class_10
3573,class_10
3574,class_10
3575,class_10
3576,class_10
3577,class_10
3578,class_10
3579,class_10
3580,class_10
3581,class_10
3582,class_9
3583,class_9
3584,class_9
3585,class_9
3586,class_9
3587,class_10
3588,class_8
3589,class_8
3590,class_8
3591,class_8
3592,class_8
3593,class_0
3594,class_0
3595,class_0
3596,class_0
3597,class_0
3598,class_0
3599,class_10
3600,class_10
3601,class_10
3602,class_10
3603,class_10
3604,class_10
3605,class_10
3606,class_10
3607,class_10
3608,class_10
3609,class_10
3610,class_7
3611,class_7
3612,class_7
3613,class_7
3614,class_7
3615,class_7
3616,class_7
3617,class_4
3618,class_4
3619,class_4
3620,class_4
3621,class_4
3622,class_5
3623,class_5
3624,class_5
3625,class_5
3626,class_5
3627,class_10
3628,class_6
3629,class_6
3630,class_6
3631,class_6
3632,class_6
3633,class_6
3634,class_6
3635,class_10
3636,class_9
3637,class_9
3638,class_9
3639,class_9
3640,class_9
3641,class_9
3642,class_9
3643,class_9
3644,class_9
3645,class_9
3646,class_9
3647,class_9
3648,class_10
3649,class_0
3650,class_0
3651,class_0
3652,class_0
3653,class_0
3654,class_10
3655,class_0
3656,class_0
3657,class_0
3658,class_0
3659,class_0
3660,class_10
3661,class_10
3662,class_10
3663,class_0
3664,class_0
3665,class_0
3666,class_0
3667,class_0
3668,class_0
3669,class_10
3670,class_10
3671,class_10
3672,class_10
3673,class_10
3674,class_10
3675,class_10
3676,class_10
3677,class_10
3678,class_10
3679,class_10
3680,class_0
3681,class_0
3682,class_0
3683,class_0
3684,class_0
3685,class_10
3686,class_10
3687,class_0
3688,class_0
3689,class_0
3690,class_0
3691,class_0
3692,class_0
3693,class_0
3694,class_0
3695,class_0
3696,class_0
3697,class_0
3698,class_10
3699,class_8
3700,class_8
3701,class_8
3702,class_8
3703,class_8
3704,class_8
3705,class_10
3706,class_7
3707,class_7
3708,class_7
3709,class_7
3710,class_7
3711,class_7
3712,class_7
3713,class_8
3714,class_8
3715,class_8
3716,class_8
3717,class_8
3718,class_9
3719,class_9
3720,class_9
3721,class_9
3722,class_9
3723,class_6
3724,class_6
3725,class_6
3726,class_6
3727,class_6
3728,class_6
3729,class_6
3730,class_6
3731,class_5
3732,class_5
3733,class_5
3734,class_5
3735,class_5
3736,class_5
3737,class_4
3738,class_4
3739,class_4
3740,class_4
3741,class_4
3742,class_4
3743,class_4
3744,class_10
3745,class_1
3746,class_1
3747,class_1
3748,class_1
3749,class_1
3750,class_1
3751,class_2
3752,class_2
3753,class_2
3754,class_2
3755,class_2
3756,class_2
3757,class_3
3758,class_3
3759,class_3
3760,class_3
3761,class_3
3762,class_3
3763,class_10
3764,class_10
3765,class_6
3766,class_6
3767,class_6
3768,class_6
3769,class_6
3770,class_9
3771,class_9
3772,class_9
3773,class_9
3774,class_9
3775,class_9
3776,class_9
3777,class_9
3778,class_9
3779,class_9
3780,class_9
3781,class_0
3782,class_0
3783,class_0
3784,class_0
3785,class_0
3786,class_0
3787,class_0
3788,class_0
3789,class_0
3790,class_0
3791,class_0
3792,class_0
3793,class_10
3794,class_10
3795,class_10
3796,class_10
3797,class_10
3798,class_10
